"","x"
"1",-5.83373605305466
"2",4.0039808892713
"3",-0.809478248677736
"4",-3.6729274577112
"5",4.94309129678724
"6",2.16155425927558
"7",2.40159832623265
"8",-1.90849266948862
"9",-1.04271174764902
"10",-9.44543751404454
"11",-5.31052476278779
"12",-5.6724533463716
"13",10.4581244170484
"14",-0.262553363846049
"15",2.93884092395263
"16",0.778807326355342
"17",6.86456099315263
"18",-0.149729156787382
"19",-5.2596469679746
"20",-7.76934023057569
"21",6.31310460069758
"22",-2.55986507584714
"23",1.4361466431797
"24",-0.0677679514960853
"25",-3.26123408800419
"26",2.60436205652006
"27",1.92767490955433
"28",5.11708440622202
"29",-0.867860975247806
"30",-2.84598158172409
"31",-5.55709186658443
"32",-13.6213399549528
"33",-6.41890433718719
"34",3.03103463510303
"35",3.20007005865371
"36",2.43942830796165
"37",-2.20871335553283
"38",-2.67227317293614
"39",-6.21539416724344
"40",-6.66019850659238
"41",0.776389473082643
"42",-0.0327308098164467
"43",5.34768587281009
"44",4.95122463132635
"45",-0.181709050962816
"46",3.50661264847389
"47",3.62430658976414
"48",0.254103389380763
"49",-2.63854027007267
"50",3.96708043709127
"51",-0.0361372948548477
"52",-4.82419654563876
"53",4.90945512630633
"54",1.23290139391125
"55",-0.304814056836705
"56",-4.9086656639815
"57",6.23607199055148
"58",4.79981844186484
"59",-2.87826726402192
"60",5.66309567127985
"61",-1.1120783585994
"62",7.52589937768003
"63",-6.40168605571592
"64",-0.0820210997134481
"65",3.48568854936318
"66",-9.63552337658983
"67",-2.27871729756176
"68",3.28192772336022
"69",1.58171458674395
"70",2.92669312209579
"71",-3.30409371089369
"72",1.33866310896868
"73",-1.86230604060645
"74",0.663548982141009
"75",2.33499462381814
"76",0.247882645970107
"77",-4.37683392719168
"78",6.51721713131607
"79",1.16168625672039
"80",3.39322546685357
"81",-0.558943553058549
"82",-1.60343513442521
"83",-3.07199462571152
"84",1.83577984333591
"85",0.566669652880044
"86",-0.809550780036352
"87",-2.71547437146532
"88",-1.37781766013707
"89",-1.22520389615049
"90",4.55264595695419
"91",1.55998081699774
"92",4.15304888469465
"93",3.7116374418618
"94",-9.49852853323694
"95",10.9181567081277
"96",-6.95924389399794
"97",-0.269696444702125
"98",3.06644835194468
"99",-0.578248276723756
"100",-2.74592158584529
"101",-0.396626421430051
"102",2.12765703918348
"103",-2.36047304644955
"104",-1.9857814311781
"105",-0.174213963182598
"106",1.93172991601206
"107",4.23974553026307
"108",0.699031407722085
"109",-2.92717844112041
"110",-2.0894358082932
"111",2.40459705357344
"112",-1.06479577397172
"113",-3.42963896215566
"114",-0.0634085738678465
"115",-2.42519311158275
"116",-1.6173324669647
"117",-2.1609041491061
"118",2.78461837646913
"119",2.66901884142284
"120",-7.30854363042717
"121",1.52582253066422
"122",-1.42810581954452
"123",2.67159034866499
"124",-0.770308442655948
"125",-2.52552371218649
"126",5.71948222842139
"127",0.0745582290948215
"128",5.33047869963309
"129",3.0042968381135
"130",-0.251253629336976
"131",-4.61293964408135
"132",-3.84436145061567
"133",3.24457421336313
"134",-5.39665449712491
"135",-4.92275341595945
"136",1.06066051608818
"137",-1.59296678615022
"138",-3.47076502703621
"139",-3.5029504063793
"140",1.35266210929249
"141",3.37525675996143
"142",2.94124787140012
"143",-0.150385345322718
"144",-3.91915637446879
"145",1.49376581417734
"146",-0.999637584440244
"147",-2.72109355940157
"148",0.358275530993052
"149",-0.684607666465778
"150",2.92101071075867
"151",-1.57601920058419
"152",3.24712939360321
"153",2.49326367950415
"154",-2.38486893919853
"155",-1.41265664757554
"156",3.62557251835394
"157",1.80430954082068
"158",1.48085593963262
"159",-2.29708186150569
"160",-3.26052564331804
"161",-1.23506066555736
"162",0.760575116298969
"163",-2.30406439376065
"164",2.71935657429836
"165",-2.50357010102158
"166",1.23672778683532
"167",0.944790557729819
"168",-3.93537807423963
"169",-0.838038590738223
"170",-0.292769625195769
"171",-4.98802251303831
"172",0.923559646088813
"173",-1.95011662286912
"174",2.75877680004275
"175",-0.933725128243527
"176",2.33369869319234
"177",1.6914679338719
"178",-3.10401627536194
"179",1.50099407172828
"180",1.52618808739085
"181",-2.01115521542343
"182",-2.9754588065745
"183",2.92156516709165
"184",1.67386644275013
"185",1.97368135991507
"186",-1.51357931447175
"187",-1.72119128088207
"188",-1.16555967020289
"189",0.133806569727765
"190",1.05043069982402
"191",-1.42922693390269
"192",-0.659135404645031
"193",-4.36889783631885
"194",0.0726990078259115
"195",-0.815787907160955
"196",1.16806744746457
"197",-0.115251611616482
"198",2.88474945379396
"199",2.22010677535866
"200",-0.931335744545451
"201",-0.875664710820083
"202",-1.41226397986568
"203",1.50385322979061
"204",0.657996975430055
"205",-0.566642067007017
"206",0.377054390903372
"207",1.12688777666557
"208",-1.02705307549656
"209",1.68452043851351
"210",0.712814912084506
"211",2.44273923106874
"212",2.44994831750084
"213",0.672697520346937
"214",-2.00710141070202
"215",-0.3733280009622
"216",-0.778401438732615
"217",-0.028342351243033
"218",1.33689412480539
"219",-0.0113386807268774
"220",2.69748859713126
"221",-0.0209724875108668
"222",-0.927905796796487
"223",2.01499833558085
"224",-0.992831495755861
"225",-0.685265542592534
"226",2.79724116476334
"227",-0.892057261665736
"228",0.196527877551729
"229",-0.559769440095396
"230",5.12064259381372
"231",-2.30025584255298
"232",0.797649378336853
"233",1.6765834578184
"234",1.23183868789911
"235",2.79528334674478
"236",2.40302887304638
"237",0.262746395664676
"238",2.30778119155715
"239",-0.523736848934235
"240",1.52396719566198
"241",-1.93972319944817
"242",2.04381251055931
"243",0.381535778119031
"244",2.1343500829396
"245",-2.23938548356458
"246",-4.23722320864352
"247",-4.52222011765628
"248",2.35986199012283
"249",0.0757711527775809
"250",-6.19680279005396
"251",1.02380975645816
"252",-1.36460867222612
"253",-1.06594270673481
"254",1.33772111409999
"255",2.27324380568806
"256",0.0599078110274855
"257",-4.43123006263796
"258",-3.08842812485534
"259",-0.360343807393193
"260",-0.315696877955701
"261",-2.48657527061073
"262",3.34185153230886
"263",-4.41571596353348
"264",-3.55821110189358
"265",-0.0990610266934393
"266",2.08534974210823
"267",2.93161414906695
"268",-0.27565701059728
"269",4.51478926651511
"270",0.462466986407327
"271",4.67599124270729
"272",-4.02117505222742
"273",0.917764565694988
"274",3.40957741286344
"275",1.26507750307441
"276",3.75409781397912
"277",1.87302025862918
"278",2.21487008326706
"279",2.72884057028863
"280",-3.68477570375156
"281",-2.88989533900029
"282",-3.19863301579992
"283",0.889612504313082
"284",2.77879893951771
"285",1.37594646371199
"286",0.253363336858618
"287",-0.128145896935368
"288",3.40205041380662
"289",-0.918348441974571
"290",-1.69028174555214
"291",-4.40678656256939
"292",-0.419979776553438
"293",0.00549222290270523
"294",-0.0391781860515255
"295",1.25535654665028
"296",0.781543927953622
"297",2.22245754746782
"298",-0.548852239070074
"299",-8.78493049210136
"300",-5.41584789241454
"301",0.469187060637156
"302",4.24591647929436
"303",-2.63889908866857
"304",4.52272266160978
"305",-0.070884375087171
"306",-7.92882193421221
"307",-5.64097586527987
"308",2.76062369028847
"309",4.14643785633554
"310",-5.87325420858429
"311",-0.269104877171034
"312",-1.62922485372617
"313",-1.95442690281522
"314",1.91633310188989
"315",2.81613140269002
"316",5.27525972776684
"317",1.98150673952648
"318",2.83383397074946
"319",-1.32829257019498
"320",-7.15179963206722
"321",2.53722848550731
"322",1.17954053993559
"323",-2.59650284176164
"324",-2.06521295267314
"325",1.26401437674825
"326",0.554007405479319
"327",3.23122793577807
"328",3.52708708046852
"329",0.299659438075198
"330",-6.03179058133851
"331",3.17946052090155
"332",6.67243916972789
"333",-5.9487810422566
"334",4.28176779899509
"335",-5.48644781436453
"336",-5.33782693808341
"337",-1.03862953837076
"338",-6.95291597465172
"339",-4.61924421302444
"340",-4.87351133331906
"341",5.39531643387909
"342",-2.4512002104987
"343",-1.64345506621294
"344",0.530864657477782
"345",-0.894242881966302
"346",-1.1545171145129
"347",-4.29732022678458
"348",1.85313396006125
"349",-2.03500559639701
"350",1.09629930446733
"351",-0.753368736165119
"352",3.14976200187961
"353",0.108242641183798
"354",-1.62822044727799
"355",0.507268065274749
"356",-5.047475320602
"357",-4.5381730254085
"358",3.40334869852514
"359",-2.18559074329766
"360",3.30283050883248
"361",-1.11283372739703
"362",8.28642971963249
"363",5.64129000389338
"364",1.99938249301893
"365",5.35327184815717
"366",-4.7790814390533
"367",4.98521077557538
"368",7.39347142139804
"369",-1.03471355252757
"370",7.84395529731665
"371",-1.18143667727237
"372",-3.31887096284615
"373",-1.45477322997527
"374",0.85655494873863
"375",5.88448915739278
"376",-6.27789183344557
"377",-5.81126768720722
"378",5.42082036690337
"379",1.93159678391368
"380",5.57625909544366
"381",-4.88531065445888
"382",-7.74302021370633
"383",-0.364445691511582
"384",7.77429806584734
"385",1.01547591159703
"386",-0.335176312315193
"387",2.20370800865972
"388",-1.84818069110906
"389",0.621161985708174
"390",-0.767349421927548
"391",4.25928807403276
"392",-3.73428721802661
"393",-2.8997715327258
"394",5.83670094791339
"395",2.69931995051021
"396",1.91338133358441
"397",0.591877005966763
"398",1.00081581973386
"399",-0.54690249360037
"400",-2.60968727526707
"401",-4.88971190284545
"402",0.386643088662074
"403",-2.59783375301246
"404",-3.65926808988505
"405",3.67963073932581
"406",-5.18071075817456
"407",-5.10971346038541
"408",-4.79143161434437
"409",3.12764294343036
"410",-3.32472877256185
"411",-0.825607408258667
"412",-3.99043525617711
"413",1.18342449119409
"414",-4.51923534507268
"415",0.351267732419954
"416",-1.46232410238938
"417",4.35329853759389
"418",7.16543078666056
"419",-1.4714916738479
"420",-2.31330393202761
"421",5.38159146227247
"422",1.60367612138322
"423",-1.12995920340622
"424",2.02361201137218
"425",0.81862593235632
"426",-0.0989364122865206
"427",-3.46694492390745
"428",-2.34364786356159
"429",8.83033009963601
"430",0.246188604555684
"431",5.60945795489152
"432",-6.51680088759637
"433",-0.139518363214068
"434",0.234402385712156
"435",0.843953193526394
"436",1.33161646433033
"437",2.22790882650876
"438",1.79906621953336
"439",1.86118465330142
"440",0.0234258531698086
"441",2.96927178847316
"442",3.12418012277814
"443",3.58223120164227
"444",-3.8857905231536
"445",-2.02074968868574
"446",-1.34656683289092
"447",3.00567308743789
"448",1.95301099029602
"449",4.62256983669485
"450",2.31200980246413
"451",6.21424853653939
"452",-2.42396845899268
"453",3.55908878741113
"454",0.490469304485488
"455",2.62681968379111
"456",3.54425013500828
"457",4.53915125116706
"458",-1.38210897480204
"459",-5.88605763892353
"460",-0.0524204696888058
"461",2.07644397633614
"462",1.83842721148714
"463",-4.53372649513112
"464",2.76770425680078
"465",-1.32080637196264
"466",4.07945147323958
"467",1.05269450372359
"468",0.686247017349204
"469",-0.428806245255226
"470",1.66976346602837
"471",-4.66249038139799
"472",0.637813190752591
"473",3.62889949936524
"474",1.25216441601838
"475",4.3003688793474
"476",-4.41319430882537
"477",5.5891184142061
"478",-0.775475501782443
"479",6.66201940555672
"480",3.24400663338708
"481",0.440109737400414
"482",3.72131800603275
"483",-1.16823838536555
"484",-2.62785418120768
"485",-0.278606634196313
"486",4.66330309895646
"487",5.46349583542389
"488",-0.0524207423302014
"489",3.17441472620069
"490",4.57469898873432
"491",-0.622124160649713
"492",-5.39340119967761
"493",-5.22329013207847
"494",0.805461597646568
"495",3.40816105236868
"496",6.49741524161864
"497",-5.0721232532616
"498",-2.75606762791776
"499",-0.469885841175769
"500",1.26395088635379
"501",2.46794435461262
"502",2.03681616013887
"503",1.2830384482938
"504",4.08454416239772
"505",-3.7009757940364
"506",2.95788850244807
"507",4.32458593473899
"508",0.214864110945268
"509",2.89536953801152
"510",-4.72754685731904
"511",0.694245931068224
"512",2.60433255890768
"513",-0.384104239682709
"514",-0.92710206985164
"515",0.472727217373428
"516",4.32653229059121
"517",-5.84701561939821
"518",3.1456140635884
"519",-1.28098840709941
"520",2.65946862787207
"521",1.96123011672734
"522",1.36863794558211
"523",0.432170396484665
"524",-1.22546610635081
"525",-0.542935885647261
"526",5.97671401412121
"527",-5.72768179163046
"528",-2.19999585470185
"529",2.34548764724006
"530",0.171895495689615
"531",1.38226326422199
"532",-0.0114939766598172
"533",-2.52023634123928
"534",4.91043921056013
"535",4.01546234491029
"536",3.58743091731168
"537",-6.68441812954407
"538",2.97717593767216
"539",2.50699492408528
"540",5.06875037277064
"541",1.70995810531102
"542",4.09960900327878
"543",3.38896086054459
"544",-0.370523973989771
"545",-3.12703249706882
"546",2.64935413363341
"547",0.316035260549307
"548",4.42860123147718
"549",1.48443584598258
"550",-0.667031885161909
"551",-0.147437478382557
"552",1.50891179812141
"553",-0.407374937081534
"554",-3.61313061481244
"555",-2.20653851910539
"556",-0.707777733783602
"557",-0.742720628402626
"558",0.0785318051155037
"559",1.64573646308185
"560",1.29178677611562
"561",2.21293626308071
"562",1.90603192913264
"563",-0.106280092378831
"564",-0.170094730687143
"565",0.846846486657071
"566",1.33754941378
"567",1.24940298850424
"568",0.880919511356218
"569",0.0198889274560723
"570",0.75640904807051
"571",-0.385098518406588
"572",-0.456291380144327
"573",-0.949829738230782
"574",2.98500470630558
"575",-0.888582757480564
"576",3.00677778907537
"577",-1.90030710010349
"578",2.15743611791297
"579",1.36893635191049
"580",-1.79336777220539
"581",2.8001966691244
"582",-2.66091253200589
"583",0.959152294238918
"584",4.0486417143174
"585",0.694130325699915
"586",1.68747457432922
"587",0.54426641360401
"588",1.07135018010372
"589",2.38500438136349
"590",-4.65986146815267
"591",0.768327888098366
"592",-0.281020633678025
"593",3.23145455837389
"594",-7.04453669097477
"595",0.548709508901027
"596",0.0815935367520617
"597",-2.00265346753825
"598",-0.337496634680446
"599",1.21857243358471
"600",1.70983267083721
"601",0.0801443794189995
"602",-2.01819147957548
"603",-0.131721805158626
"604",1.61353420110954
"605",1.51149856123952
"606",2.6095642213664
"607",0.273520695294533
"608",1.85865865131938
"609",-1.0071989892883
"610",3.60056431646626
"611",-0.0475205677070845
"612",-4.3536217645094
"613",4.65429336419698
"614",-2.43092519579199
"615",3.63618689837764
"616",-3.15402506218046
"617",-2.50978197563141
"618",2.62534070995043
"619",2.9070356364919
"620",1.96653381489814
"621",-7.5327835663191
"622",0.107651863803408
"623",-0.976813425703109
"624",0.840403796511805
"625",1.73118170694565
"626",-4.35587612965118
"627",-0.918325727167141
"628",3.17397751588795
"629",-2.54091673628135
"630",0.859160543238155
"631",-2.62527492049964
"632",3.38375643564231
"633",1.24934691766536
"634",-2.04356598810422
"635",-1.6837958546039
"636",-1.0945539719281
"637",-0.280929662343309
"638",2.39466097314382
"639",-0.355258183695567
"640",-0.41466459834486
"641",1.55571577019518
"642",4.7147846220166
"643",-11.6837238820112
"644",-1.02857904181648
"645",-5.83959271411216
"646",-0.610982322658082
"647",1.42046220884544
"648",-2.34107023283305
"649",-0.71223237137986
"650",5.39500871713277
"651",-4.53269340499527
"652",2.30081251709903
"653",-0.55506068596746
"654",4.46066580197342
"655",3.78137838015766
"656",-2.69331844930392
"657",-4.11790804039859
"658",1.48041353979493
"659",4.36602925297767
"660",0.0726151463435691
"661",-1.865137196847
"662",4.2464847684017
"663",-5.48656224694897
"664",-5.3695678467922
"665",-4.7841798113259
"666",-1.34333759210919
"667",3.43844622997209
"668",2.93803771000777
"669",0.0475511629894982
"670",6.42231685542549
"671",-0.374668625999514
"672",1.29623740812222
"673",-2.8382998516809
"674",-0.0390412830323972
"675",3.242503597395
"676",3.0533914557327
"677",2.77338167784376
"678",1.17382566813158
"679",-2.42923079044968
"680",0.565904668534962
"681",-9.90682160394507
"682",6.6453467888049
"683",-1.45204048588617
"684",-2.68593775021679
"685",0.294569919692355
"686",-1.2460562425509
"687",2.98472499694213
"688",1.2290546992232
"689",2.17785605066249
"690",1.97786783168439
"691",3.93508929952269
"692",-0.250101997932351
"693",-6.63376883547197
"694",7.03757042768092
"695",0.95720604756796
"696",-4.09667719073025
"697",0.873186051083441
"698",1.1146616554689
"699",2.71782760300108
"700",3.7574379657365
"701",5.35703189307063
"702",0.526464673990032
"703",6.35892073084884
"704",-3.92459229908865
"705",10.2381724160443
"706",-0.567451695586508
"707",0.0981268661548818
"708",0.673954275564892
"709",-5.25324354973568
"710",-4.13720556830066
"711",-0.19036174226058
"712",2.12671037905715
"713",1.33515725762593
"714",-1.33923217898236
"715",2.37480041612075
"716",-3.2056503159433
"717",2.38318371036257
"718",1.79187346332293
"719",-6.73242764444337
"720",-0.530164451657895
"721",3.54936091108104
"722",-0.00290993872868839
"723",3.28861600273138
"724",-5.07335067152365
"725",-5.22056952185063
"726",-4.26242586337462
"727",0.330034794546445
"728",-1.92014834895102
"729",-1.16781377677724
"730",0.855368571603862
"731",-0.969643570923777
"732",-2.06731536544952
"733",2.07108015401748
"734",-3.00837071383456
"735",2.86883376824291
"736",-1.35423546141568
"737",0.460278980031728
"738",4.5485491454919
"739",0.255261213434155
"740",3.28898746827667
"741",0.479383575141493
"742",-0.877330807323452
"743",-14.5193277448827
"744",-3.58934519580974
"745",-6.70809625016265
"746",-2.77895786834916
"747",7.88048981489639
"748",-1.19381458405036
"749",2.66922563266074
"750",0.676639923572206
"751",-2.10998572430138
"752",-1.27533637945871
"753",9.57665670148899
"754",0.535794364935333
"755",3.10135646378036
"756",1.10803928133993
"757",-0.0417351624838211
"758",2.67611919980458
"759",1.21120910307405
"760",-8.27686714827787
"761",-1.13762486664533
"762",3.80160547735415
"763",0.775710794805112
"764",4.34782815614265
"765",-0.581408442122879
"766",2.23665291132364
"767",3.85872603173271
"768",3.4996746790255
"769",-0.739064515332352
"770",1.39661761225528
"771",-2.66607164728094
"772",-1.6377739203248
"773",-5.36719223410833
"774",0.464621624253633
"775",-0.933387410557657
"776",-3.56970337279014
"777",-4.40266769998958
"778",3.51977544718057
"779",3.63564220960623
"780",-5.70763157908947
"781",-3.23161314508483
"782",1.10638819814124
"783",-5.76521235861202
"784",-0.369322409029254
"785",2.87275544282967
"786",-0.620782669670195
"787",-3.38623619431063
"788",-0.61104129034785
"789",-1.0408534414934
"790",-4.59229372021164
"791",3.7833260815795
"792",3.28513556607761
"793",2.16523506300619
"794",-1.82826435405862
"795",-7.98684424748801
"796",5.207001891751
"797",1.74369752481204
"798",0.357262286753714
"799",-5.15608379951247
"800",-6.79213651355949
"801",5.02873010810415
"802",-7.2365448494731
"803",3.78156522835776
"804",3.1766988339217
"805",2.2274848531974
"806",-1.22378350019252
"807",0.228481017398998
"808",-2.05404258860379
"809",1.02065995388222
"810",-4.86333370144126
"811",3.30853084399243
"812",-6.49993125775881
"813",-7.32053791850077
"814",-7.30452674495674
"815",-1.37761932203049
"816",-8.58997080152729
"817",7.0505172619978
"818",-0.865492244936732
"819",3.46103307514965
"820",0.727945534240662
"821",-0.705361698647677
"822",-0.762539668536383
"823",0.524184778618967
"824",1.61172446086695
"825",2.20815909680029
"826",2.90960270569868
"827",-1.62645200243257
"828",2.85261275892688
"829",-1.46579945163513
"830",-15.1249468242934
"831",-5.73062909696739
"832",-0.365879495774189
"833",1.18851085301688
"834",0.805218213329451
"835",0.533164658396092
"836",-5.60430490384541
"837",-4.94032755908793
"838",-1.34816910397031
"839",-9.09438754180439
"840",5.18994704175258
"841",-0.401495209252047
"842",-0.801521746992335
"843",-2.13739665760636
"844",-10.270106611863
"845",2.03646523991043
"846",-0.400141523511339
"847",2.96076050525959
"848",3.01868274668038
"849",4.92272399689885
"850",3.4304982612086
"851",0.834950684793658
"852",-7.16448283054004
"853",-4.63902247943788
"854",1.37955587577376
"855",-1.6315547403574
"856",-4.13982105679154
"857",0.786171199652645
"858",-0.610955664566539
"859",-0.732227244739565
"860",0.149365952492515
"861",1.71058003756114
"862",2.94617661908624
"863",3.74356398796427
"864",5.62830844728407
"865",2.4957625275382
"866",1.23067899670974
"867",-0.383810543349838
"868",3.98497841202021
"869",1.4548965809312
"870",-0.209731254317054
"871",0.0782313079785573
"872",-0.0642802347439637
"873",0.344764945395318
"874",-0.0279433206179147
"875",4.55837464319862
"876",1.61445739139524
"877",0.0826987065359872
"878",1.30268941873293
"879",-0.529488192244549
"880",-0.449281257663408
"881",-0.136929496623669
"882",-0.173693661095775
"883",-4.03474700052354
"884",-0.160638117140329
"885",5.17815686253017
"886",-4.80313057187014
"887",-4.94172246729611
"888",0.615741571255418
"889",1.147888298275
"890",1.43353419741669
"891",-1.4513492252629
"892",7.68245972477264
"893",1.00586178054892
"894",2.33863632758855
"895",-1.44816040782881
"896",3.75583097512856
"897",-4.06041544826722
"898",2.37125211018006
"899",-2.83513727796229
"900",0.128447017093492
"901",2.28501839399298
"902",0.839447653782557
"903",1.51261761631068
"904",-1.65446240260859
"905",-2.73383852352118
"906",1.87373718084849
"907",2.86207762607232
"908",0.848129725511064
"909",2.95602719169386
"910",-1.92306411721273
"911",-0.798945660626643
"912",-2.29649354813748
"913",-0.476674193002434
"914",0.152761161219594
"915",-0.118057128855956
"916",0.612167577405333
"917",0.326666234396598
"918",1.0919359883349
"919",0.892308881061197
"920",2.35970369312684
"921",1.60286940053411
"922",-1.0568676276679
"923",1.17073318612707
"924",1.27554781323888
"925",-1.95588107358697
"926",-2.09555228361214
"927",-0.631302006667791
"928",-1.20327962526103
"929",2.34155615718614
"930",-1.08557345176278
"931",-2.05043419982723
"932",-1.4301835788047
"933",-1.30717898861197
"934",2.71919486968552
"935",-0.577312603914075
"936",-0.802813118842104
"937",-3.94358111318938
"938",1.69587679166949
"939",-2.53490244661593
"940",-2.4665853830043
"941",-1.16661998562895
"942",2.09850545099373
"943",-0.634480298050294
"944",1.09190833104421
"945",0.684418468220701
"946",0.648402793709992
"947",-2.21544383915925
"948",2.27709135356411
"949",-1.88005044371933
"950",-0.240474509928996
"951",-3.90754499907536
"952",1.26277033990855
"953",-2.20397156226704
"954",0.90772815772816
"955",-0.822072669531007
"956",-2.35656497583892
"957",-0.0749405627989792
"958",-0.418228511801753
"959",1.62118780990943
"960",2.11464945586621
"961",1.95261708617657
"962",2.7405874852674
"963",2.61152079878631
"964",1.12845286169433
"965",-3.17160540710224
"966",2.00214659865749
"967",-1.4492842859404
"968",2.09321791994005
"969",0.119539756849065
"970",0.809031100795856
"971",1.99632361522726
"972",0.501243195861878
"973",-0.267708578668792
"974",0.654958244156098
"975",-1.03707120981519
"976",1.61497426913666
"977",2.4641945062008
"978",0.496908797071181
"979",0.889249547950641
"980",4.33417270456635
"981",-0.178877904911423
"982",2.4159720075419
"983",-0.699272258281785
"984",-4.42684872794063
"985",0.769198601571311
"986",-1.23853070970405
"987",0.152129126000507
"988",0.00277137105830543
"989",-4.06967592604614
"990",-1.39838783625495
"991",3.72930637850487
"992",-0.0143742279177754
"993",-2.82884298833755
"994",-3.1727715066607
"995",3.4912689371747
"996",-0.974277134966108
"997",-3.5018020857033
"998",-0.81547113874892
"999",1.77349535037865
"1000",-1.47330446871505
"1001",-3.70106006526884
"1002",-2.66818620688388
"1003",3.58521345799996
"1004",1.06511402124842
"1005",-0.705691337783453
"1006",1.55028638121076
"1007",-2.75620370374377
"1008",-4.75673994131595
"1009",-2.29361431390695
"1010",3.10402307973999
"1011",2.56136363652895
"1012",3.5293466626177
"1013",-1.93354323322605
"1014",-0.303642324693926
"1015",1.36766770875213
"1016",-2.43783624547302
"1017",1.27271520613076
"1018",-2.71849753805506
"1019",-6.03326931879698
"1020",-0.523718406652816
"1021",-2.70443099853306
"1022",-3.88218647177774
"1023",0.347013278430214
"1024",-0.83468831141369
"1025",-3.89337018615889
"1026",3.83580492873112
"1027",-2.07366445569125
"1028",-3.11182115244518
"1029",4.97645632317855
"1030",-0.787713868465871
"1031",2.73809821664166
"1032",-3.06110888515273
"1033",-4.24013306231588
"1034",-0.339301469551964
"1035",2.28273260192624
"1036",0.184356204585761
"1037",-1.97714912130121
"1038",6.42955518035377
"1039",-7.89556705836927
"1040",0.413104810541602
"1041",-2.26166873245399
"1042",0.17326356811699
"1043",6.33632370717743
"1044",-2.89614689023999
"1045",1.43071068057241
"1046",3.1309205239244
"1047",0.296237346910494
"1048",6.7008296413176
"1049",-1.32139363514231
"1050",2.50494035821961
"1051",-0.541344883799758
"1052",-2.26339278485155
"1053",1.86976044265153
"1054",2.18982811905096
"1055",3.37149316890979
"1056",-12.56509099571
"1057",-3.16822933731767
"1058",1.48654881677436
"1059",-6.61197325079649
"1060",1.86294246403986
"1061",1.80106681690751
"1062",2.16227835417862
"1063",-1.50379074653823
"1064",1.87462804315098
"1065",4.67813821577415
"1066",1.84883426355962
"1067",4.38603967247623
"1068",-0.17999128486156
"1069",-13.4198288686509
"1070",-8.98232216420043
"1071",-5.10212480585722
"1072",-5.78032187498916
"1073",-2.88924939507175
"1074",-4.36071950993602
"1075",4.3399546085618
"1076",-4.83893831504387
"1077",2.46484155995992
"1078",0.109367884973015
"1079",0.321875204587363
"1080",5.0155945220467
"1081",8.12589607374121
"1082",-2.08278725530503
"1083",10.2651315064095
"1084",-2.71991570579648
"1085",-7.97468602836007
"1086",-2.69270602196543
"1087",0.246820424679029
"1088",-1.42845973133359
"1089",6.64504371518457
"1090",-5.30278407560976
"1091",9.3341869246616
"1092",2.92184023429325
"1093",3.06495220042581
"1094",-6.70742944508023
"1095",8.34135594175209
"1096",4.08433145870745
"1097",0.629137689125343
"1098",-3.13470205641016
"1099",7.86321862691994
"1100",-5.63930162250874
"1101",-9.53102474191749
"1102",-5.18068792217316
"1103",7.8734769463395
"1104",-5.21141160198704
"1105",3.71301910680771
"1106",-1.54800640877277
"1107",3.66026569164909
"1108",3.04271821607742
"1109",-1.19713434545348
"1110",1.7220448412014
"1111",-0.546746735514058
"1112",3.23729533273818
"1113",-1.10745581116527
"1114",0.948574077027788
"1115",1.21328724105518
"1116",-0.503446027703945
"1117",0.816517909700433
"1118",-1.49748357577273
"1119",-7.81687749534567
"1120",4.75611887431204
"1121",2.55892798767382
"1122",2.16901153675734
"1123",-8.79803122691168
"1124",-5.26146861569725
"1125",4.03768580023062
"1126",5.31334795543599
"1127",-7.89806920090979
"1128",-0.778299820532086
"1129",-6.02390470414479
"1130",-2.37945596207755
"1131",-2.95645988458237
"1132",-14.0106712891984
"1133",-6.1906986492925
"1134",-0.109333172382627
"1135",8.78719179562513
"1136",-6.95152366626273
"1137",-0.712330088812033
"1138",3.2892187198913
"1139",-0.0280373237563162
"1140",6.38216002035895
"1141",-3.20056317500495
"1142",3.24018951240075
"1143",0.376779316077398
"1144",4.05637367683675
"1145",2.42281741638398
"1146",-0.10240983684717
"1147",0.268312489750825
"1148",2.21337701329354
"1149",1.90163679346349
"1150",-1.29398648425804
"1151",5.59253596292567
"1152",-9.4330624353699
"1153",0.831761095540328
"1154",5.72817367751844
"1155",0.0802301788253521
"1156",-7.94985987216437
"1157",-6.59336830753274
"1158",6.67718990179411
"1159",4.15645920323453
"1160",-3.23580077909721
"1161",5.8470304921669
"1162",2.36591799198729
"1163",-3.83479113492854
"1164",4.99258975773396
"1165",0.881000451652468
"1166",-2.64538195603439
"1167",-4.97282082789197
"1168",2.94201468943816
"1169",-1.32271610139388
"1170",-2.41319132466131
"1171",-3.19408896664
"1172",6.94317356415143
"1173",-8.19372734089932
"1174",0.91147559205934
"1175",3.81949485290488
"1176",1.69607976990744
"1177",-9.62236733000224
"1178",0.389622436512163
"1179",-2.01616697382576
"1180",1.46064976477672
"1181",4.83700425023771
"1182",-2.12811074370003
"1183",-0.850418229433235
"1184",-0.551059214160234
"1185",5.61378823192446
"1186",-2.72165759101218
"1187",-2.66410710675118
"1188",1.80510122173674
"1189",-2.07204046618595
"1190",-4.89440386728649
"1191",3.24572572232906
"1192",-3.70301471240893
"1193",1.32950325178713
"1194",-0.418813263209804
"1195",6.24831163342741
"1196",0.591057648936568
"1197",2.45197396128472
"1198",3.86143364744775
"1199",-7.93842951348686
"1200",-6.53766658467776
"1201",4.29673517355153
"1202",0.970036166401113
"1203",-1.04936310146607
"1204",6.70647202006376
"1205",1.63480478911296
"1206",0.531227408388345
"1207",0.327823902022359
"1208",5.62588789213454
"1209",2.85193905925106
"1210",-7.7608454074297
"1211",5.14899671782858
"1212",2.6472914285333
"1213",-3.93934204402812
"1214",-1.42098839241209
"1215",-2.12840687835454
"1216",-2.03488242751447
"1217",3.02783283116791
"1218",1.42209169573613
"1219",5.38783769706477
"1220",2.98613171055141
"1221",0.974308157866094
"1222",-0.390707541168743
"1223",-2.05694775935051
"1224",-5.91139785588411
"1225",1.44751453147858
"1226",2.79634396565497
"1227",-6.80736593188832
"1228",-4.0546369206089
"1229",-2.02411162787897
"1230",-2.97724404831288
"1231",0.122734590543457
"1232",-0.828877670833283
"1233",-1.06568810895222
"1234",4.98489020781249
"1235",5.07515821745229
"1236",1.29484084517552
"1237",-0.41625096041016
"1238",0.372295525605346
"1239",0.167004816726271
"1240",2.2524182430029
"1241",-2.09986718408371
"1242",-0.864889499306197
"1243",2.82367643388492
"1244",2.84081058742475
"1245",3.53284971123363
"1246",-0.600692690515037
"1247",-0.890207145339201
"1248",2.41170824119662
"1249",-1.90541940474306
"1250",3.68160161431959
"1251",-2.40071465645194
"1252",-0.3549324193054
"1253",-0.517279260188796
"1254",-4.47486369545149
"1255",-0.551946359909752
"1256",-5.95538197920043
"1257",2.89699727258086
"1258",-0.75856789501824
"1259",-3.70330342064556
"1260",4.15722884649168
"1261",-1.47175261169631
"1262",-5.23426667603112
"1263",5.69828068586257
"1264",-1.41272730837981
"1265",0.328037643749775
"1266",-3.45627620500451
"1267",2.70158349143989
"1268",-0.093614882056137
"1269",-1.85042171695889
"1270",-2.35506899116802
"1271",0.236736928728127
"1272",0.877126565895983
"1273",0.730628720775063
"1274",-3.81979923547988
"1275",-1.78868884701249
"1276",1.34880377057852
"1277",0.729786835167098
"1278",-3.25273806934123
"1279",2.07199781374822
"1280",-1.02817023235563
"1281",2.1871943392189
"1282",-2.76214001000938
"1283",6.68832191094881
"1284",-0.276950670458016
"1285",-2.55501092991691
"1286",2.5580782706734
"1287",0.786909068847005
"1288",-0.273300194346202
"1289",-4.0498515257971
"1290",-0.195604072964656
"1291",0.614594521637212
"1292",-3.36453176440085
"1293",-0.777154015213966
"1294",-2.65871624344396
"1295",1.06911568267613
"1296",1.53148265929314
"1297",0.853534297646649
"1298",0.950192300070985
"1299",-0.296198316272363
"1300",0.12698172708892
"1301",2.38541488732096
"1302",-0.0170239678462227
"1303",-0.0399275466579714
"1304",-2.06365875580231
"1305",1.16601095029512
"1306",-2.19942427941637
"1307",-4.7109456114923
"1308",-1.10867878070664
"1309",-0.078787932246914
"1310",-0.827945082100163
"1311",0.400651621634525
"1312",1.54550009781934
"1313",-2.43629711210441
"1314",0.21900145574195
"1315",-2.35810212813936
"1316",1.60835290996897
"1317",-0.427703244744618
"1318",-1.85228088470169
"1319",-0.4379630916229
"1320",2.68093249324605
"1321",-0.393451286615101
"1322",0.945569942569888
"1323",-1.99267738233984
"1324",2.20031280806748
"1325",1.13840007218182
"1326",-1.12138446679127
"1327",-1.40680592065372
"1328",0.86664221357744
"1329",-0.941187349858809
"1330",-2.40484209537956
"1331",-1.05076949552614
"1332",-1.06922399789878
"1333",-1.47738338097077
"1334",-2.56329230122645
"1335",-1.50008072019772
"1336",-2.94900138766421
"1337",-1.40877001335089
"1338",-1.10247432221156
"1339",-1.48840151866368
"1340",-1.53431620244353
"1341",0.156129830553894
"1342",3.66316567469887
"1343",-3.97631541336813
"1344",-4.55079327327372
"1345",0.152133985166993
"1346",1.98617422341354
"1347",1.88566126348031
"1348",-1.01778211318108
"1349",-4.01731178270926
"1350",-3.21735336559013
"1351",-9.78590521631591
"1352",3.449210891131
"1353",1.8257449578667
"1354",-2.75407411626449
"1355",3.30877929271694
"1356",2.27875612479235
"1357",1.39104263719412
"1358",3.38710742589741
"1359",-2.32860354908528
"1360",0.950713569620281
"1361",-1.15797714597685
"1362",1.80023891239041
"1363",0.596817202563902
"1364",2.79269825683787
"1365",2.66511092858625
"1366",2.4337276431381
"1367",-2.93146339694251
"1368",0.689331755492251
"1369",-4.98433366603353
"1370",-0.178121199971326
"1371",-4.37538752122916
"1372",-1.53578253613509
"1373",1.73247120387623
"1374",2.93952242371011
"1375",1.38842353695897
"1376",4.94664608843017
"1377",-0.963783573892062
"1378",0.954927415328087
"1379",-1.28435073113994
"1380",1.77302581912572
"1381",0.869895830623748
"1382",-3.98989916016388
"1383",2.07024789457162
"1384",3.14215149330816
"1385",3.25673460835756
"1386",-4.89857195253775
"1387",2.37133589557881
"1388",1.53539141921223
"1389",0.914449663426119
"1390",4.11596200471134
"1391",-0.0858249841832288
"1392",-0.712636899301
"1393",5.84415018396291
"1394",3.11351324891954
"1395",2.47868975605035
"1396",-5.44433380876969
"1397",0.750491921802033
"1398",1.44520210859838
"1399",-0.17124193902376
"1400",-0.139336965549332
"1401",3.0770996386587
"1402",4.01348866228724
"1403",-5.98545558252025
"1404",0.605773219202436
"1405",2.37044063387494
"1406",-0.398341826326244
"1407",5.62619751862193
"1408",-2.49993580555005
"1409",6.83127266979222
"1410",-5.64740517097343
"1411",-12.3573937871853
"1412",-5.30945208903815
"1413",-10.9482569249465
"1414",-2.74822540694093
"1415",-4.07743020159034
"1416",-7.60193641605855
"1417",-0.962836163749634
"1418",1.01928373608751
"1419",5.14102654185889
"1420",-3.78414990996595
"1421",4.27319443821118
"1422",0.438330007414719
"1423",1.01489697843221
"1424",-5.04297684170836
"1425",0.0441840697122124
"1426",1.8161774583022
"1427",2.83093926040358
"1428",6.79600216616768
"1429",2.69968383196226
"1430",-3.13343299567795
"1431",-3.45953496054616
"1432",5.41190780797793
"1433",-3.23030533159805
"1434",5.6892610734328
"1435",2.26134511818359
"1436",-0.668190697505359
"1437",6.96511515684305
"1438",-1.1719099592574
"1439",1.12349517691192
"1440",2.19219119086962
"1441",1.82031887720383
"1442",1.59901975923849
"1443",1.09830369938964
"1444",-2.69191253982166
"1445",1.15968534567171
"1446",-5.64521689772637
"1447",0.332883103567459
"1448",2.22595535728455
"1449",-0.922654403305586
"1450",1.29200142185409
"1451",0.457520267411769
"1452",-0.655262995180923
"1453",-1.11908439059464
"1454",0.00956708045173504
"1455",5.36747204985056
"1456",-8.17491432286185
"1457",-0.28807965298569
"1458",-2.15775868658053
"1459",-3.90537162145065
"1460",-9.43697362859257
"1461",-1.78956379483965
"1462",0.313007388177015
"1463",2.55078823970928
"1464",-2.97352544086751
"1465",-10.1866330415228
"1466",7.93555140784116
"1467",5.51485785729543
"1468",-7.7455735328638
"1469",8.6712389147395
"1470",-7.86131261672359
"1471",6.16771546285049
"1472",-0.883034864723999
"1473",-2.21084643366199
"1474",-0.678273383196879
"1475",1.66136481173082
"1476",2.32706082375908
"1477",3.92176752948076
"1478",6.05252040719978
"1479",-1.15783028857018
"1480",2.57169237779121
"1481",-5.60718781258191
"1482",-1.31097673952983
"1483",-4.11132921393203
"1484",3.14824506177539
"1485",1.9134960811594
"1486",0.799219015855859
"1487",6.47665868077013
"1488",4.8551607892463
"1489",1.3229078772649
"1490",-1.77479697349536
"1491",1.36477481711232
"1492",1.13877089674853
"1493",-4.41974090132158
"1494",2.9742321700263
"1495",7.22743846935871
"1496",-3.77832714896262
"1497",4.82176023567182
"1498",9.45866840422625
"1499",4.60703036846293
"1500",5.02802360646361
"1501",-0.543013456781258
"1502",4.9523676828707
"1503",-2.77806099303578
"1504",2.05003109402262
"1505",2.73224923163807
"1506",0.55996117052733
"1507",-4.9981969923686
"1508",-3.86411761689692
"1509",-3.72327529506635
"1510",-2.9067124702359
"1511",5.42791269134933
"1512",1.91330103316361
"1513",-2.95141489781454
"1514",-8.0499605440893
"1515",-2.8505936722325
"1516",1.38493760030571
"1517",4.17970153976839
"1518",-8.82428803442211
"1519",-5.89307021925014
"1520",-5.87396748736859
"1521",0.0791820427139065
"1522",-0.87070411657592
"1523",-1.7493115274162
"1524",-7.73796931930545
"1525",0.0281202158292899
"1526",1.91752456863977
"1527",1.15604532344074
"1528",2.97257358458797
"1529",-1.10770028209614
"1530",0.893776265493659
"1531",2.57925345573444
"1532",4.56686168292148
"1533",-0.730038753817937
"1534",-0.158219551235425
"1535",4.5725023937516
"1536",4.17711100158906
"1537",-4.05185492617438
"1538",3.04189489404401
"1539",-0.335094665482563
"1540",0.86410020218568
"1541",1.9039489699287
"1542",2.68322973029157
"1543",1.4070626595255
"1544",0.613554296478301
"1545",-1.02445208020322
"1546",-1.01188357510151
"1547",5.12286333695674
"1548",4.04650086622377
"1549",-1.66495218428701
"1550",1.76054519812299
"1551",2.87773633690426
"1552",2.73608796509167
"1553",-5.08042034944735
"1554",-1.86021777563744
"1555",-0.626251225699948
"1556",2.77589924042927
"1557",1.57677397761563
"1558",-0.729467524016406
"1559",-0.784642862092711
"1560",-4.28442961307999
"1561",2.40347761668212
"1562",0.930484175078803
"1563",2.98137764249915
"1564",-2.10664627306431
"1565",6.6525328865854
"1566",-0.942336825115293
"1567",-7.88828937988269
"1568",1.16657351130285
"1569",-1.60319895580519
"1570",-0.577656268401359
"1571",-2.38117349125178
"1572",0.728305351601932
"1573",2.64505455589845
"1574",2.79218754429243
"1575",-1.42391433253457
"1576",0.227507233897919
"1577",-3.85988168365462
"1578",-2.2165476567066
"1579",1.57209537872302
"1580",2.28908090306565
"1581",6.73876584613133
"1582",-0.454235318961509
"1583",4.21380803851016
"1584",0.214127768888989
"1585",-2.81734648221776
"1586",-1.19231531844482
"1587",-1.97774334219764
"1588",-3.04121572401452
"1589",-0.566364209865021
"1590",-1.40234609608818
"1591",-7.71120167507869
"1592",2.74482908254406
"1593",1.77779007898877
"1594",1.55930452952217
"1595",-1.18878287281089
"1596",0.439074578413896
"1597",-2.4569979397235
"1598",-0.785812349521877
"1599",-2.48572991691158
"1600",-0.446352350736787
"1601",-3.15656256712529
"1602",-0.762618642084572
"1603",-0.356627516981071
"1604",-0.477397704779257
"1605",-0.956109491873244
"1606",-1.01241089668578
"1607",-1.54391641954317
"1608",1.59499522318652
"1609",1.1368792823018
"1610",-1.58635503755363
"1611",-0.441009892954296
"1612",4.60298717837582
"1613",-1.16131392847278
"1614",2.09596108597845
"1615",-3.11721832602499
"1616",0.621933295998326
"1617",-0.683792176578395
"1618",-1.57416589381455
"1619",0.652423637538804
"1620",-0.747892159622172
"1621",1.46037373804501
"1622",-1.69293215467241
"1623",-1.78110201369318
"1624",-2.99588340220198
"1625",2.59428546980364
"1626",-1.35669951020522
"1627",-2.33959020670292
"1628",1.48692183093587
"1629",-1.7973856108878
"1630",0.183083241483903
"1631",4.86697647306851
"1632",-1.79432024388698
"1633",2.15027890638486
"1634",-0.577742916542731
"1635",0.481472553583053
"1636",3.56655043313013
"1637",-4.47965792975865
"1638",0.776877935656472
"1639",-1.16622043631614
"1640",0.104154817740606
"1641",-1.75467380139889
"1642",2.14276396611807
"1643",1.75683137474282
"1644",-3.17225167867148
"1645",-0.853901925411348
"1646",1.73514906636031
"1647",1.15147343643771
"1648",-7.09230537215514
"1649",0.0774781890962641
"1650",-3.91605935380118
"1651",-1.38254809072994
"1652",-0.394653967752333
"1653",0.350700410993001
"1654",-0.685086775040878
"1655",2.15366357896513
"1656",-0.7832714888613
"1657",-1.69786410409414
"1658",1.09269508528037
"1659",3.18527829993975
"1660",-5.06371008422687
"1661",-1.78436879479535
"1662",-0.269615601636761
"1663",-3.16774542539499
"1664",0.130395482933143
"1665",0.268722383967208
"1666",1.35063096140786
"1667",0.0812640236881543
"1668",1.89911563855877
"1669",0.814170641442377
"1670",-0.228248289828539
"1671",-0.720250066999446
"1672",2.49337931996526
"1673",0.0703363862438171
"1674",0.867740105754115
"1675",1.34693428110969
"1676",-1.6193055517155
"1677",-0.961544018210835
"1678",2.09022828858893
"1679",1.4301746472476
"1680",0.639927314508091
"1681",-0.714463934850428
"1682",2.3209422679705
"1683",-3.14402464149786
"1684",0.734322482924479
"1685",0.673864919661527
"1686",3.11366976091828
"1687",-0.0658185354927032
"1688",1.7647548024437
"1689",-0.519899476711159
"1690",-2.35597043997972
"1691",-4.39035736190359
"1692",-2.61012620660014
"1693",0.99883494632629
"1694",1.76274142437668
"1695",1.26769900321152
"1696",-6.31769503788989
"1697",3.50174471360949
"1698",1.33578496876749
"1699",1.77934584697554
"1700",-2.4451409942722
"1701",1.04895714298903
"1702",-0.981334164373916
"1703",2.89203973648283
"1704",-0.238492694592182
"1705",-1.64105365214022
"1706",0.813908567882955
"1707",1.57747692925823
"1708",-4.15759257213413
"1709",4.59612984343126
"1710",-0.167270712699267
"1711",0.00562903117910185
"1712",-0.45709428475364
"1713",1.68587393089097
"1714",0.117707319033888
"1715",-2.07099305619464
"1716",2.92349154868588
"1717",2.60170667748915
"1718",1.96898220758364
"1719",1.93923685095345
"1720",-1.19732476031661
"1721",-0.264404258619944
"1722",-3.1605928666681
"1723",-0.764379304427287
"1724",1.79211649301274
"1725",-0.501697047717668
"1726",0.983467950326076
"1727",-0.0750485160292049
"1728",0.431785430096841
"1729",0.904874514215156
"1730",1.25528616467206
"1731",4.6903633475523
"1732",1.00162696057299
"1733",0.0955406260207892
"1734",0.0406362751854363
"1735",2.22584938941059
"1736",0.715705161744913
"1737",-3.03261044945003
"1738",0.793530785829492
"1739",-0.435162297957775
"1740",1.30665212720844
"1741",1.90820960510681
"1742",2.44424340326975
"1743",-0.29721044244905
"1744",6.63211647962349
"1745",4.61597155995586
"1746",0.414722268727629
"1747",4.15960524378562
"1748",-0.0197731080313259
"1749",-0.323886042880764
"1750",-0.419324791014894
"1751",3.03384919084862
"1752",2.0290980522143
"1753",1.07706890559312
"1754",-0.455372915323422
"1755",-2.40936355653263
"1756",-2.90379791415093
"1757",-0.683185481101591
"1758",-1.01197038323571
"1759",4.26422358219973
"1760",-0.149047192732323
"1761",-1.05253647987598
"1762",0.289192225586255
"1763",-0.317803747533479
"1764",-1.89298660107631
"1765",5.08355285760831
"1766",3.65681977214103
"1767",0.654024632826331
"1768",5.14429452935246
"1769",-1.09277086599085
"1770",-4.58319655092743
"1771",-0.323127183316853
"1772",-2.6371481627942
"1773",2.85027566052793
"1774",-1.09652487186371
"1775",1.60303551084006
"1776",-2.14319117661655
"1777",3.5722407831035
"1778",-0.906332832526451
"1779",2.02306089800273
"1780",0.731480675016302
"1781",-0.236208848765235
"1782",-6.79329356690016
"1783",4.21442461765804
"1784",-4.56783858717029
"1785",1.92325210244731
"1786",-10.3355187711842
"1787",7.37538548374845
"1788",-0.586418560401331
"1789",2.14952417438437
"1790",-3.7714172897418
"1791",-3.6748007644762
"1792",-8.1715698696038
"1793",-1.24513351507815
"1794",-4.74635518883106
"1795",0.727000730737311
"1796",0.0102949398454366
"1797",1.2938555572243
"1798",1.54757056621126
"1799",4.04081360881422
"1800",1.19089113798297
"1801",0.455440372428562
"1802",7.07874584410155
"1803",6.64675419372942
"1804",3.53088778452843
"1805",4.18708160614812
"1806",0.108315237174645
"1807",-7.31391743534383
"1808",-0.601443392500841
"1809",-2.73783604996125
"1810",-1.74023052488155
"1811",-4.23630126172466
"1812",-5.59882551731667
"1813",1.04017165047965
"1814",5.44806345253905
"1815",2.5129053125818
"1816",-2.94588255558942
"1817",2.59485136767745
"1818",-2.5711688260652
"1819",-1.01687456970941
"1820",-2.40621654483839
"1821",-1.87420253491727
"1822",-2.64424642094694
"1823",-4.26836733063317
"1824",-1.52632418309295
"1825",-2.66303186536576
"1826",0.501112037811605
"1827",-2.17159722944619
"1828",4.83630882851022
"1829",-0.828536156973089
"1830",0.784002934894033
"1831",1.76971139697873
"1832",1.57102226997761
"1833",-0.787011277141821
"1834",-2.71160015486987
"1835",-1.67635978465664
"1836",-6.5633773170473
"1837",2.1174924569426
"1838",0.739970773997249
"1839",2.59926460552106
"1840",3.31230071086054
"1841",-0.837825386965304
"1842",-5.08080320639294
"1843",1.03908648353851
"1844",-0.874483727987004
"1845",0.516087094183553
"1846",-0.996451728248498
"1847",-0.339123760475372
"1848",1.13651903325842
"1849",5.10321676881482
"1850",-2.71879667169847
"1851",-0.886560096151273
"1852",-3.56749617659406
"1853",3.20336270514338
"1854",0.606638647567241
"1855",4.59601065745727
"1856",0.983960675123261
"1857",-2.90856357100686
"1858",0.0452741029382344
"1859",-1.52581319135323
"1860",-5.54262444109959
"1861",-2.58311350577867
"1862",2.72578311794444
"1863",-1.55639273274617
"1864",5.49478610389023
"1865",-5.72972975098436
"1866",6.32295864570008
"1867",4.95884409188873
"1868",2.67137018360248
"1869",-1.37527875749275
"1870",-0.313039092039961
"1871",1.20898039493712
"1872",0.58873270054172
"1873",1.67011159905258
"1874",2.87424480634047
"1875",5.48151773088174
"1876",0.125093414835026
"1877",3.1378239047671
"1878",0.133305079985291
"1879",1.14687703536596
"1880",1.18630662936126
"1881",0.510539411333613
"1882",-0.219744738953636
"1883",6.21819983064166
"1884",3.86419504990207
"1885",2.4252065745495
"1886",3.45493601559434
"1887",-1.72273389790789
"1888",4.19547368747422
"1889",-0.822874360723078
"1890",4.95509029413358
"1891",-1.09258891785954
"1892",1.47313546993713
"1893",2.36626311464404
"1894",-6.69766090716974
"1895",-0.368942522282372
"1896",1.83233038262988
"1897",4.53307622126099
"1898",-0.697818958620577
"1899",2.33824343779219
"1900",-2.57870381787981
"1901",-3.70521421591336
"1902",-1.98980595869485
"1903",-3.80073386748968
"1904",-4.76636752541734
"1905",-3.46842151643308
"1906",-1.48880189924406
"1907",7.53738785100837
"1908",2.19238988679438
"1909",-7.08209076467535
"1910",-1.9546499480185
"1911",0.0421539535944651
"1912",-5.94462605144968
"1913",-0.621658517608051
"1914",1.30000583502572
"1915",0.590555516891436
"1916",-4.34827059520691
"1917",-3.67399698165866
"1918",1.86779677300237
"1919",4.20976719397149
"1920",0.89958331237456
"1921",2.18513006963284
"1922",-0.196400038864033
"1923",0.847153052219325
"1924",1.17004754037782
"1925",-1.08921932017148
"1926",4.01723444869682
"1927",0.229579725394358
"1928",-3.96833898357412
"1929",5.75824566676463
"1930",1.79935652236487
"1931",3.37497123298375
"1932",-1.40465624011619
"1933",-6.88861911920225
"1934",-3.39742639938231
"1935",-2.40806512744355
"1936",-2.19938467322795
"1937",-2.3074562524107
"1938",3.76620250486471
"1939",3.10403380779448
"1940",3.61433281942824
"1941",-1.49516201926668
"1942",1.17361586083973
"1943",-1.71931629867154
"1944",-4.7375761669527
"1945",-2.01985584582406
"1946",-3.32921056835277
"1947",-2.39282026493088
"1948",-3.24055333771143
"1949",-1.34496571784703
"1950",3.46667181811103
"1951",0.15795764927724
"1952",1.68234555460388
"1953",2.19694300661984
"1954",-2.43716680428528
"1955",-2.69282058364095
"1956",3.98392927225688
"1957",1.89962753812825
"1958",-3.35114902796885
"1959",1.16892537242198
"1960",1.32219258462078
"1961",-6.18192424857036
"1962",-0.473930968177541
"1963",-4.13349672786456
"1964",-3.73211052504688
"1965",3.60423235837054
"1966",3.2151337647825
"1967",3.08166102005731
"1968",3.11914868924527
"1969",0.72561038681039
"1970",-1.53722289045059
"1971",-0.867617463397357
"1972",-1.4343247330247
"1973",-2.77476565829947
"1974",-3.75882337354887
"1975",2.30852173906155
"1976",0.463728248010406
"1977",0.123790550458661
"1978",-5.56151238561945
"1979",1.27600160683049
"1980",-1.17007754287574
"1981",2.58142586492932
"1982",-1.38833839903883
"1983",0.218921859552417
"1984",1.99931770575845
"1985",-2.30292397912316
"1986",2.38373556465637
"1987",-0.0597024710449199
"1988",2.02379719544375
"1989",1.09936443149141
"1990",0.453191338361829
"1991",-5.05942631271868
"1992",0.987499547525089
"1993",1.21787928485951
"1994",1.14152037379609
"1995",0.682871673207932
"1996",2.19696900378828
"1997",3.01936580179051
"1998",-3.50921094325031
"1999",-1.47587287297187
"2000",4.07679823238523
"2001",-0.0263999862677822
"2002",0.337336679879486
"2003",0.21851971913244
"2004",-2.14972472626325
"2005",1.30816902496899
"2006",-1.42949588185968
"2007",-1.48954624193566
"2008",-0.498502800519573
"2009",-1.52859430273749
"2010",-2.08731802533552
"2011",-0.4465870715053
"2012",1.25292453792209
"2013",1.21380728025594
"2014",-0.103836857285132
"2015",2.05069149153561
"2016",-0.922409302037814
"2017",1.68633856552356
"2018",2.45503708681475
"2019",-2.21191560246788
"2020",-0.546854050728058
"2021",1.62698884921527
"2022",-2.30147210313881
"2023",2.62226753707091
"2024",-1.75095163282152
"2025",0.811690584421314
"2026",-1.13590400047412
"2027",-1.54076932119995
"2028",1.44855346278214
"2029",0.612547726281223
"2030",2.03460883070366
"2031",1.13881719635716
"2032",-1.08285034138505
"2033",-1.04565688926151
"2034",3.89050576670623
"2035",-1.7038767872144
"2036",0.907545337861312
"2037",-0.443788499784554
"2038",1.01725969047285
"2039",1.97643043707159
"2040",-0.952022199927055
"2041",1.51936120477706
"2042",1.2596777782747
"2043",-2.13119361582194
"2044",-3.67307894492762
"2045",1.55458312915379
"2046",-0.0756641872537078
"2047",3.83256378331589
"2048",0.825122491045162
"2049",0.515710317998584
"2050",0.995324714769282
"2051",-4.17300436578062
"2052",2.14583578694377
"2053",-1.20830817591878
"2054",2.48845468876393
"2055",-2.45513368333451
"2056",1.51669959543267
"2057",1.58377976286136
"2058",-5.64595815863271
"2059",-4.23804839443051
"2060",2.60960216024664
"2061",2.90699173548687
"2062",-1.66862385605951
"2063",-2.76902179531266
"2064",-5.98233418309805
"2065",-2.00085041339447
"2066",1.21080068368756
"2067",-0.127759787164175
"2068",-1.59670523338805
"2069",-1.42010684062481
"2070",-1.05909018784714
"2071",0.915879868949668
"2072",0.00751268518006754
"2073",0.454261331011491
"2074",-0.279464165511893
"2075",1.01981139849049
"2076",2.54174690049524
"2077",-0.702881362577492
"2078",1.30494147073553
"2079",-1.42194376171805
"2080",-4.26618888026885
"2081",7.65807870605851
"2082",-1.73339650292066
"2083",-5.66887244618461
"2084",0.764237952484299
"2085",-1.83346409416083
"2086",-1.89520001477214
"2087",-0.635081159446985
"2088",3.34586623513744
"2089",2.47511505137015
"2090",1.66444049479583
"2091",1.78830276779799
"2092",-3.63205030642991
"2093",4.13826746102821
"2094",-5.45573361895498
"2095",-0.97272716338712
"2096",0.50803363740058
"2097",1.80058783786959
"2098",2.88225698775789
"2099",-1.23860689968067
"2100",1.63260233217764
"2101",1.08961175279738
"2102",3.15557796276941
"2103",4.02853997237464
"2104",-2.64629520213108
"2105",-0.837109127300419
"2106",-0.555461169051152
"2107",-3.66334274631957
"2108",3.5583864216827
"2109",0.895993251595021
"2110",5.21060624594128
"2111",3.89186941654139
"2112",-9.08960354363477
"2113",3.56796641462404
"2114",6.37540552794113
"2115",3.79113052101582
"2116",2.85872223253035
"2117",-3.4421350541258
"2118",-2.38598291613035
"2119",-2.17412750820252
"2120",-2.95260662702136
"2121",4.54494803365704
"2122",-0.0798750241557435
"2123",1.6978474307514
"2124",5.27233458385827
"2125",1.45292236642964
"2126",0.912243542265495
"2127",6.62668126892919
"2128",5.43376548741451
"2129",0.691284262806237
"2130",1.06843287756652
"2131",6.26803567744615
"2132",-2.03207663397951
"2133",1.42605353056739
"2134",0.725275887191719
"2135",1.84097191435879
"2136",2.60004950614734
"2137",1.17827248613577
"2138",1.87010422645138
"2139",-2.10658493694443
"2140",2.76842277375903
"2141",4.53200796785342
"2142",0.565669337117026
"2143",3.67547455046091
"2144",0.81962170577975
"2145",2.65804601336448
"2146",5.70932812202112
"2147",3.04974991615475
"2148",-7.00325158022723
"2149",-5.01872708518631
"2150",-2.5875917503434
"2151",7.50658193089637
"2152",-0.402657298494915
"2153",-1.80803373642901
"2154",-3.40734540524715
"2155",0.990908466233133
"2156",1.06579796967083
"2157",2.55845738525301
"2158",-1.85569196180095
"2159",0.284541619206836
"2160",-2.20072333176563
"2161",-0.838892378821596
"2162",-3.2644417246758
"2163",-0.690867003332363
"2164",-0.727678533310448
"2165",2.39756122750482
"2166",3.33564630282732
"2167",-7.52936033847023
"2168",-2.49194995199218
"2169",-10.0260398941345
"2170",2.80318034290567
"2171",0.553445449981854
"2172",1.00709345870356
"2173",-4.29954232903167
"2174",2.89563893167981
"2175",-4.7138156106796
"2176",1.18144808581928
"2177",3.09767459356932
"2178",-16.659042592974
"2179",-3.36350162134943
"2180",1.74704835664417
"2181",7.53990837969075
"2182",0.202777718314552
"2183",-1.96020285879984
"2184",3.17495366925358
"2185",3.32706667334917
"2186",3.67919774015254
"2187",-0.854490563232857
"2188",0.476545634532364
"2189",8.46104708988135
"2190",-5.83819104109235
"2191",13.2556869826088
"2192",-4.84663068148735
"2193",2.85500755121629
"2194",-0.479255163705278
"2195",-6.29974840780122
"2196",-5.68143875228394
"2197",-7.50821832448238
"2198",-4.85702308890633
"2199",-2.63771161501917
"2200",5.38065545890812
"2201",7.23808831011821
"2202",-0.00751808745251381
"2203",3.60566699726322
"2204",-3.52036312338148
"2205",-1.74625681715204
"2206",1.68541570967716
"2207",-1.71483824269651
"2208",2.13357466282001
"2209",-4.36754716304701
"2210",0.0762782276703309
"2211",1.37685898330043
"2212",-1.34276983379665
"2213",-0.547030588797977
"2214",2.78896415535596
"2215",-0.283427310622338
"2216",-3.93067599279154
"2217",-5.1938509036662
"2218",-2.92467577694877
"2219",-1.83342574465776
"2220",2.03349146817793
"2221",4.89759086619426
"2222",5.01332470174737
"2223",7.35202105872862
"2224",-5.09418744198406
"2225",-3.25053854727141
"2226",-1.62512550946244
"2227",8.22305145491397
"2228",0.19523720895861
"2229",7.37968819441892
"2230",3.16983556074512
"2231",2.94426270322718
"2232",-0.396113780958181
"2233",13.8202933346124
"2234",-3.93392159679327
"2235",-1.73399501381769
"2236",-1.26954211385728
"2237",-1.37814102967627
"2238",2.00674009720891
"2239",8.54240464177952
"2240",-2.88665885864544
"2241",1.6141544078892
"2242",6.17718045664704
"2243",1.88920513296449
"2244",8.33771749942029
"2245",2.66286837005762
"2246",-5.82755822647505
"2247",-3.26894847495306
"2248",-0.123584740954231
"2249",-2.68895164076979
"2250",0.645924508889907
"2251",-0.965982450608022
"2252",-1.51579920082047
"2253",0.8345101683205
"2254",3.05893950010764
"2255",4.09315220028537
"2256",3.56952284181596
"2257",2.35178802048548
"2258",-5.85438655839902
"2259",5.36528771224755
"2260",1.09284161593201
"2261",-3.85059288372047
"2262",3.55605709806271
"2263",-4.01405530864293
"2264",-1.9015952749914
"2265",3.33883373090633
"2266",2.10533645053649
"2267",4.56074602195284
"2268",1.59288397831021
"2269",3.53760915226233
"2270",7.14556992190714
"2271",0.707714291286836
"2272",-0.600618766923899
"2273",0.617555495243564
"2274",6.28120872061656
"2275",-4.06660868590989
"2276",0.107453078662668
"2277",0.793052303451995
"2278",-1.65078715732453
"2279",-0.960756039972772
"2280",-3.7447513324299
"2281",2.16661030294795
"2282",-2.99314106999322
"2283",-1.59710600611294
"2284",3.70389169970207
"2285",-1.49081261914769
"2286",-5.90042592926987
"2287",-2.35348249578496
"2288",0.751689427721362
"2289",5.71434075216007
"2290",3.92762863067436
"2291",-1.78695118427608
"2292",-4.20944489981048
"2293",2.62685448029715
"2294",4.36888388764583
"2295",2.2460256071787
"2296",3.90421316005254
"2297",0.270597871848688
"2298",2.14795133800842
"2299",2.1902713815274
"2300",3.36992527854235
"2301",1.38845906525237
"2302",-5.37476799792989
"2303",-0.462680621888469
"2304",-2.864289844442
"2305",2.99167498569321
"2306",0.596681964583545
"2307",-3.45962534463656
"2308",-3.03168662349716
"2309",0.0922364134454683
"2310",-3.186848697561
"2311",-6.29339256874218
"2312",2.32436417873984
"2313",3.42917030251686
"2314",-3.3829055195178
"2315",-2.42357152574817
"2316",-0.753484216967017
"2317",2.55550809859187
"2318",3.13618821352546
"2319",4.31436638659495
"2320",-1.11847154063357
"2321",0.399630273526727
"2322",0.752652541558667
"2323",-0.367477591981046
"2324",2.71445981133873
"2325",2.67039698895207
"2326",-0.0764017461046493
"2327",2.66710007122364
"2328",-1.84987116771845
"2329",-1.90270875039191
"2330",-4.29417741481953
"2331",-4.85640778693924
"2332",0.24353219545667
"2333",0.127191385007851
"2334",-0.748600701940594
"2335",-1.84932369427141
"2336",2.35209873133303
"2337",2.39512108186625
"2338",-6.1551222813279
"2339",0.65748222942142
"2340",-1.36746469002813
"2341",1.44566274856542
"2342",-3.88446309976595
"2343",2.83263300484633
"2344",-0.758334487194027
"2345",-0.249115143859197
"2346",-1.80135430730117
"2347",1.11377160073619
"2348",0.501315708269965
"2349",-1.58033026587777
"2350",2.74584977744217
"2351",-1.41132373507105
"2352",4.40805544255617
"2353",1.16638809425118
"2354",-0.406534175198279
"2355",0.430732917220261
"2356",-2.1894338565361
"2357",2.58663208459353
"2358",-0.376422429914612
"2359",2.13353019359069
"2360",0.766442286439365
"2361",-1.62438852805102
"2362",0.970637082192489
"2363",2.78812252352011
"2364",3.63937419770383
"2365",0.973638695896257
"2366",-8.24175935568915
"2367",-0.831181660374583
"2368",-2.62277564633838
"2369",0.384393532908899
"2370",1.21462051438393
"2371",-1.84041218113889
"2372",-1.14039065968519
"2373",-1.14292868865728
"2374",0.846664027082504
"2375",1.77359594800532
"2376",-2.78698703403451
"2377",2.10759480139191
"2378",2.15806799434123
"2379",2.78033027846933
"2380",-1.1403727573666
"2381",0.308694478114787
"2382",1.44200474602125
"2383",0.182838376392993
"2384",1.41000998779623
"2385",-1.58000260200004
"2386",-1.34192573738467
"2387",1.24754329297318
"2388",-2.69327050993605
"2389",0.694122919425712
"2390",-0.465218125021134
"2391",3.01064933819684
"2392",-0.390603950446325
"2393",-0.0231459522711583
"2394",-0.350016892834954
"2395",-3.10742086053665
"2396",2.60972377360715
"2397",1.22052382842558
"2398",1.74304476906465
"2399",-3.68606315477964
"2400",1.56840094932577
"2401",1.24069859874514
"2402",-0.850482071776013
"2403",-0.946787389280366
"2404",-2.10233645730884
"2405",1.77590905549813
"2406",-1.23157555059981
"2407",-3.37963663574465
"2408",-1.30153111331389
"2409",0.0609435170926669
"2410",-3.86742782498417
"2411",-0.925078923998217
"2412",-3.41760396611421
"2413",1.42832699616056
"2414",-3.90265688864181
"2415",-0.390948325357536
"2416",0.957899895676162
"2417",-1.2298385561184
"2418",1.56142897118999
"2419",-2.05701540557639
"2420",-2.08852074456452
"2421",1.26674197237329
"2422",2.06226022411158
"2423",1.24151266371047
"2424",1.24144862202374
"2425",0.763859502452567
"2426",-1.32598436084621
"2427",0.476040675783547
"2428",-0.293127049696379
"2429",0.0977877262569235
"2430",0.998010007886198
"2431",1.34205612840257
"2432",-2.34219595800922
"2433",2.46690415167244
"2434",-0.780669927573491
"2435",0.642297323845652
"2436",0.452687135456157
"2437",-0.635181677894227
"2438",3.11009628645513
"2439",0.273130110164291
"2440",-4.91219344658637
"2441",0.0121606677752206
"2442",1.98563274936518
"2443",-0.350719497846252
"2444",3.02011966717712
"2445",1.91643079083708
"2446",2.43775756883528
"2447",1.43521543323798
"2448",3.02212162156998
"2449",-0.158724560718878
"2450",-0.689612153670883
"2451",-4.87208127627512
"2452",-0.917612300543731
"2453",-2.52885102184695
"2454",5.7246082446582
"2455",-8.17395116314648
"2456",7.96390503199967
"2457",-2.04586893517622
"2458",-7.21252488964683
"2459",-3.17604880085587
"2460",-2.49614783792439
"2461",-1.22961829412047
"2462",-0.561941416580545
"2463",-0.66117921555325
"2464",-2.88442609113851
"2465",1.25061705878272
"2466",1.51632392870253
"2467",-6.68641560315615
"2468",0.140271045168219
"2469",4.93768379755187
"2470",0.532335761465329
"2471",1.54801874487297
"2472",1.12421497668459
"2473",2.36212906444422
"2474",-10.1161569735444
"2475",1.31588290671259
"2476",2.53222894526559
"2477",4.08465325435783
"2478",-5.50580483444861
"2479",1.36390233542046
"2480",-4.42778808239863
"2481",6.76464113933654
"2482",-0.0182143755178656
"2483",0.510304874775797
"2484",1.16892639435274
"2485",3.12646623981969
"2486",-2.22540211135389
"2487",-2.7535824443009
"2488",2.91999989553258
"2489",-2.88704167699254
"2490",7.64411710617512
"2491",-4.42439402478754
"2492",-7.06892231933733
"2493",5.52673252615471
"2494",0.889341977484378
"2495",-4.89891047131507
"2496",-0.95280828197468
"2497",6.43110476269899
"2498",-4.59347088829461
"2499",-1.41842842623795
"2500",6.89467131223608
"2501",-4.44646731623998
"2502",-2.14789981639288
"2503",-3.25602954350687
"2504",-0.433283951271371
"2505",-3.90110038147142
"2506",2.99528258494511
"2507",4.88415049122473
"2508",-0.991097176512053
"2509",4.9153087318069
"2510",2.56895381011131
"2511",-3.65944816921465
"2512",4.7187615295702
"2513",6.630341035274
"2514",-7.50029868752795
"2515",3.12882572316726
"2516",3.40333789003347
"2517",2.5376526653681
"2518",-1.44298045090867
"2519",6.79620987142059
"2520",4.03948194009442
"2521",-1.15007195137139
"2522",3.90708262706043
"2523",6.99140007814823
"2524",-6.96821408877571
"2525",3.47142782223306
"2526",0.809776592715525
"2527",2.84454523289558
"2528",1.54604672115727
"2529",5.83601637918974
"2530",-0.995970451007066
"2531",-4.75529626070057
"2532",2.18592468836876
"2533",-4.48510166120503
"2534",9.92281217678309
"2535",-1.90173986118578
"2536",2.96459131046711
"2537",0.339236651664613
"2538",1.15162804086635
"2539",2.88270855420641
"2540",-2.44080075407229
"2541",2.83089915310263
"2542",2.39257254473286
"2543",-3.32151137351019
"2544",2.33849515538126
"2545",1.93542653803232
"2546",3.90850199293658
"2547",-8.57513776084452
"2548",-1.35238410252555
"2549",-1.88828556640337
"2550",-7.28788127811464
"2551",1.04660373926921
"2552",-7.01653528108773
"2553",2.83829923673408
"2554",7.45882856215887
"2555",5.32651361342789
"2556",-11.1505852494527
"2557",4.62640373146792
"2558",-7.04903203107835
"2559",2.88887328657169
"2560",2.07013663126719
"2561",1.53612947602492
"2562",2.61288694963957
"2563",2.94496956957182
"2564",0.935173672511425
"2565",0.0314440795299733
"2566",7.78394016023045
"2567",2.42903231413589
"2568",-5.38919338485584
"2569",4.93077548955586
"2570",-3.1521074548337
"2571",3.57483367423384
"2572",-7.12148705932041
"2573",-6.44898810567244
"2574",-1.30298641875297
"2575",5.03616438356038
"2576",3.86462339238223
"2577",-0.580346322403122
"2578",-4.55224443961611
"2579",0.120474306684224
"2580",-1.23027331326627
"2581",-2.27161737833332
"2582",6.6203278929273
"2583",-3.59003347188489
"2584",-1.97882555722697
"2585",2.30691426812295
"2586",-0.152294935592505
"2587",9.52968425140277
"2588",-0.418949593025027
"2589",-2.02285139373802
"2590",1.46909675966333
"2591",5.64676006312087
"2592",-5.32425388980021
"2593",5.52904212283981
"2594",-5.31873134082196
"2595",2.63575595588333
"2596",7.1077823708651
"2597",-4.06226017771279
"2598",-9.08426842887234
"2599",-1.16944579813029
"2600",-4.18407945302529
"2601",1.04091997169311
"2602",5.579111556327
"2603",-1.18904116548007
"2604",-7.29437655693751
"2605",5.92262796806598
"2606",3.80733560056199
"2607",-11.2219945628465
"2608",-6.38650386321543
"2609",-2.36051987321301
"2610",-0.24308204423191
"2611",-0.87492149039339
"2612",2.93769864058609
"2613",-0.413798275179418
"2614",2.48022793430554
"2615",0.365007422753068
"2616",2.12559887757783
"2617",-0.586018906018844
"2618",4.61460993383074
"2619",7.057023621595
"2620",3.1446401131355
"2621",-7.34626976065401
"2622",-1.15657172100645
"2623",-1.11990370906728
"2624",1.17314208568557
"2625",2.54966243035429
"2626",-0.167022189962042
"2627",-5.43547614152759
"2628",-0.85890118801002
"2629",-1.29451231087835
"2630",0.610338549679587
"2631",2.11546178495809
"2632",-3.85621186241633
"2633",1.75501443381709
"2634",1.04440489471067
"2635",-4.79774211530286
"2636",-1.42701610062967
"2637",1.45309867413712
"2638",5.19569704369158
"2639",4.48778350011697
"2640",0.709852328995686
"2641",1.41869942785091
"2642",-3.39307658424881
"2643",-4.35664347325565
"2644",-1.05052584970943
"2645",-5.30493873239516
"2646",0.845473629012922
"2647",0.64795417350308
"2648",-4.04411248257451
"2649",9.75389668277158
"2650",-7.73531375142634
"2651",-0.282268821952281
"2652",2.63647500598746
"2653",-6.43564840742701
"2654",-5.67780087368914
"2655",9.49696328955991
"2656",-5.7214920168453
"2657",3.99060652893353
"2658",6.35158587822492
"2659",0.590686335366559
"2660",-3.47002630762988
"2661",-3.48676204604907
"2662",1.49351448474675
"2663",2.974430933508
"2664",5.72972701646034
"2665",-8.82262227872071
"2666",3.25395528771187
"2667",-1.4343755798137
"2668",-6.80414741847928
"2669",3.59807089548473
"2670",0.239356299440303
"2671",-6.7583821400548
"2672",0.598395676254689
"2673",3.15908100774823
"2674",-0.312426024533789
"2675",4.63958062539345
"2676",6.83974371130194
"2677",1.7483260093628
"2678",-1.09691580851046
"2679",-3.87775030401259
"2680",-2.79573577415709
"2681",-0.00158224448820166
"2682",1.75358266825063
"2683",1.2982273285888
"2684",3.20377064547214
"2685",3.616021552381
"2686",2.07618150837251
"2687",5.90327075968675
"2688",0.0319440645415128
"2689",-2.23050982341492
"2690",-2.21260262533235
"2691",-0.106893092163537
"2692",-1.44075821434345
"2693",4.01521026025356
"2694",2.01043343038189
"2695",1.38800501368769
"2696",-3.62729977412823
"2697",-2.45735557473714
"2698",2.95935011672439
"2699",2.65667415509088
"2700",2.51553709135122
"2701",1.49479195458759
"2702",1.07914584875414
"2703",3.71166429557642
"2704",2.68861118255848
"2705",-3.37073123657396
"2706",-0.60839675779163
"2707",2.74574842336815
"2708",-0.138636336127486
"2709",4.67887047974024
"2710",-6.18094515755549
"2711",1.32011035943058
"2712",2.85699818705737
"2713",0.136864954551094
"2714",4.21997013927832
"2715",1.23478406192751
"2716",2.42695993364415
"2717",-0.760729219322169
"2718",2.9933111708073
"2719",-2.39560403663831
"2720",-0.238655321174144
"2721",2.49108021240718
"2722",4.43822392122912
"2723",-0.486786407035713
"2724",-0.6636300374557
"2725",-3.19902322679489
"2726",-1.67391322897944
"2727",1.47085410595771
"2728",-5.27644137747365
"2729",1.84584592734566
"2730",0.542129891440544
"2731",0.62920922124293
"2732",-5.16899507181073
"2733",-0.619943127971001
"2734",2.88583013399634
"2735",2.26759211964978
"2736",2.38417251181388
"2737",2.0637509428493
"2738",-4.41669482992026
"2739",-0.391138397550284
"2740",3.55506767065177
"2741",-0.60863167691295
"2742",-0.614789257540252
"2743",0.190196345360359
"2744",-0.508717484497715
"2745",4.23647352820896
"2746",0.963169887574439
"2747",0.195092285057333
"2748",1.52267436519541
"2749",-0.110701796813889
"2750",-0.652456501804491
"2751",-0.102345775868907
"2752",3.02287447666031
"2753",-2.62590656445165
"2754",-1.32518725032485
"2755",-0.20839884244899
"2756",0.551966328139122
"2757",0.674135343672423
"2758",0.726677063281302
"2759",1.30834855633331
"2760",0.451238188941619
"2761",-4.17115831577323
"2762",-0.410627537180123
"2763",-0.504033755960073
"2764",-2.59263245177949
"2765",0.210248834900861
"2766",-3.53136886803287
"2767",0.376297485972347
"2768",-2.70480055955449
"2769",-1.37304917850528
"2770",1.50437856456526
"2771",-0.344958559559082
"2772",2.82663273599414
"2773",-0.898925734812909
"2774",0.649295280951547
"2775",-1.43702313581576
"2776",0.37326629798464
"2777",-0.367644002498964
"2778",0.384736532110966
"2779",1.01178614198807
"2780",1.7178581482952
"2781",-0.136037006318265
"2782",-1.3774567964819
"2783",-1.01280163174876
"2784",0.506072608712963
"2785",0.380849376203856
"2786",0.220809078498197
"2787",-0.152337754796065
"2788",-5.33691720093143
"2789",-2.04186208509761
"2790",-1.20428690115666
"2791",-0.608855841422373
"2792",2.40966896585306
"2793",1.18698727404391
"2794",1.20239553569129
"2795",0.00733145613915687
"2796",2.6438744253231
"2797",1.24111746833425
"2798",-6.41725306146133
"2799",5.54165152947407
"2800",-0.253275824087259
"2801",-1.46473367693472
"2802",-1.47057773318536
"2803",-0.296164216288018
"2804",-0.367422224693335
"2805",-2.09195310937676
"2806",-1.20561210352804
"2807",-1.68711346933058
"2808",-0.054756183199649
"2809",3.84433586139722
"2810",1.38335453691921
"2811",4.28872945094769
"2812",1.63063960954743
"2813",3.94412126478143
"2814",0.618540204440515
"2815",0.601203053570797
"2816",4.44449579172877
"2817",0.708907103922346
"2818",2.00870349457224
"2819",0.865736538659311
"2820",-2.28926134735986
"2821",-3.0700960287292
"2822",3.30766574784046
"2823",0.42336635985701
"2824",0.533823019446928
"2825",0.935761729692774
"2826",-5.82190835065279
"2827",4.7984175344474
"2828",-7.20516883185995
"2829",0.489026188360023
"2830",-3.3414781573294
"2831",-1.38169826128286
"2832",6.23714873103743
"2833",5.31859744040942
"2834",-4.25107590790319
"2835",2.98277634061781
"2836",-5.96035865968383
"2837",-1.16218561267156
"2838",-4.54321367028269
"2839",-3.06783727441847
"2840",-3.82194181622467
"2841",-0.553431605528652
"2842",-0.214992416227008
"2843",0.152231115869907
"2844",-11.5625941439953
"2845",-1.30091650598324
"2846",0.185351080732869
"2847",1.32674133101908
"2848",0.696721884395741
"2849",1.33679698562414
"2850",-0.23116500210567
"2851",2.88383180018622
"2852",0.453627222158775
"2853",0.0560384023663947
"2854",4.25701149206396
"2855",-1.25347189956717
"2856",3.03164007509103
"2857",5.57783791600548
"2858",-1.15481552436072
"2859",5.18169731077179
"2860",-4.03421595465908
"2861",-2.5536131448206
"2862",-0.290231976141885
"2863",1.40896164991031
"2864",1.54137994574025
"2865",-4.03208035728187
"2866",4.33905031542527
"2867",-6.17211478480196
"2868",0.364119469562327
"2869",-4.95077832701767
"2870",-4.24218116754973
"2871",6.75342365478935
"2872",-4.70460021658817
"2873",-3.85060870959635
"2874",-2.1372250436786
"2875",5.95601629244111
"2876",0.387290730557648
"2877",-2.40643544782423
"2878",-3.17456256338619
"2879",-0.917237494058095
"2880",-1.90061018305568
"2881",0.722067981507255
"2882",1.17373304117457
"2883",3.01891203339348
"2884",0.461546767249123
"2885",-2.07906254532597
"2886",-0.509926620179852
"2887",-2.22094690488084
"2888",4.35786166428414
"2889",2.85519111396909
"2890",-0.0435427955444627
"2891",-0.846102867657745
"2892",-1.02958106945844
"2893",-2.52192070104275
"2894",0.721074674529407
"2895",-1.51058814029208
"2896",0.906841914859003
"2897",-2.25900633918784
"2898",1.1534541680172
"2899",0.492093330650435
"2900",-1.46180032407738
"2901",2.80284909811534
"2902",2.564772424304
"2903",-0.802733295269495
"2904",-0.858305237466819
"2905",2.14924128061171
"2906",3.71364535797274
"2907",-0.478356750860272
"2908",4.09986341327537
"2909",3.3745839883564
"2910",0.977584843001835
"2911",-4.12961222219659
"2912",5.68531262415033
"2913",-2.87576837683694
"2914",-1.51880047791907
"2915",5.23390326011617
"2916",-0.927828518378707
"2917",0.638457593741208
"2918",-3.01631001115112
"2919",-3.9291289444144
"2920",-0.314090874651277
"2921",8.44654534456653
"2922",-6.38893161655634
"2923",-7.51888811105267
"2924",1.34791775907027
"2925",4.13139455877102
"2926",4.61434068462438
"2927",3.76927053029286
"2928",1.6400161607089
"2929",1.13374143394921
"2930",0.906526511768375
"2931",-1.75950133684075
"2932",5.23815523327613
"2933",-0.968638769454027
"2934",-0.0482319036507994
"2935",-3.44920122436822
"2936",0.828507933967582
"2937",-0.106254613184926
"2938",0.170004392340199
"2939",1.69541819138783
"2940",-3.21614210416367
"2941",-1.88655800869526
"2942",4.50014436698206
"2943",0.51563049423012
"2944",-4.32736563940095
"2945",-1.40648256324833
"2946",-4.13968885275957
"2947",-4.55684707476161
"2948",2.4586522567716
"2949",1.06062252385952
"2950",-2.68045439541289
"2951",-7.53173661246627
"2952",4.44614387588197
"2953",2.95474975108602
"2954",4.95258187915168
"2955",2.55855522044103
"2956",5.60084866130493
"2957",1.61820043609796
"2958",-5.57526620839134
"2959",-1.34987337034175
"2960",-12.2175616994285
"2961",-1.72074608786158
"2962",2.12883235826093
"2963",-3.01867077805652
"2964",-3.99804649977234
"2965",1.64518705663955
"2966",2.6374846468229
"2967",1.82554418581661
"2968",-3.86941770473519
"2969",-0.844954074180512
"2970",-6.55608860101969
"2971",-6.05384729433475
"2972",-0.821996883780587
"2973",-1.11956672133716
"2974",-0.279798649441543
"2975",0.371858446144801
"2976",-0.549694369148292
"2977",1.43880250574947
"2978",-0.659168804404834
"2979",-1.50714431609993
"2980",0.556077820589002
"2981",0.771708108513538
"2982",4.0324173185012
"2983",-7.90450001135122
"2984",-12.5437583025907
"2985",-4.64237714359167
"2986",-3.98830409338689
"2987",0.949351812251025
"2988",2.05841465672643
"2989",-0.297853946027623
"2990",-1.93901391323154
"2991",-0.717008533518325
"2992",1.51010343074902
"2993",-0.271699574065331
"2994",-3.27480828766056
"2995",-8.02786215129893
"2996",-3.40415572173828
"2997",-0.494054032483984
"2998",-2.352918901219
"2999",1.39923487327753
"3000",0.0156737813004488
"3001",-2.70712898225174
"3002",3.73477905151401
"3003",-1.27499058267051
"3004",-1.35029677812244
"3005",3.46196303419192
"3006",-2.12033987886516
"3007",3.72663722858255
"3008",2.2050412993557
"3009",0.288802423117389
"3010",-6.73479679097784
"3011",-3.13094823183063
"3012",-1.89464448331402
"3013",4.28284044094418
"3014",0.125377115340504
"3015",0.861115464246249
"3016",0.0369495009880251
"3017",2.18518200179022
"3018",2.93924802831789
"3019",-0.638975428072654
"3020",4.98023251202264
"3021",2.63228984462592
"3022",-6.11985925790899
"3023",-11.2793852368457
"3024",1.0244415875233
"3025",-2.63112407843792
"3026",1.27605686226571
"3027",6.70937810783042
"3028",-1.24292320608329
"3029",1.23136865149764
"3030",-0.509454368578934
"3031",1.90482099618673
"3032",4.42548180427067
"3033",1.66000632345205
"3034",-5.72263357342601
"3035",-0.428071022420957
"3036",3.94553459575257
"3037",-1.53315820350957
"3038",3.20056097022776
"3039",-0.0694177752556664
"3040",4.65091398446559
"3041",-8.85728822150601
"3042",-1.03656253674677
"3043",-2.61993593498987
"3044",-0.692194002762362
"3045",1.25404179726537
"3046",-0.0546089592111205
"3047",0.997498411012904
"3048",-0.941615890928614
"3049",-1.59292727625926
"3050",-3.06835916277565
"3051",-5.05212690405943
"3052",1.56510617012332
"3053",1.81927089862644
"3054",-0.862024296270863
"3055",3.6368920493877
"3056",1.131938124679
"3057",2.56123796522607
"3058",2.11021833436571
"3059",-0.823452709101274
"3060",-2.68100881132847
"3061",0.806731021301184
"3062",-6.80270953631805
"3063",-6.54278983734282
"3064",-1.18374872162685
"3065",-1.66208078467167
"3066",-1.08824880668605
"3067",0.490738088256552
"3068",-0.389496650058504
"3069",-1.3359499066247
"3070",-2.3734650836669
"3071",-2.78506317578262
"3072",0.163536052686725
"3073",0.100802734482014
"3074",-1.47277174431613
"3075",0.698597786012523
"3076",-1.01726054698523
"3077",0.312880260842721
"3078",-1.20661320293174
"3079",1.6459542211383
"3080",2.07986806363023
"3081",-2.10685557258475
"3082",-7.41922984675361
"3083",-0.0578160110965911
"3084",1.08629212684253
"3085",-3.52913616476906
"3086",1.29922212533387
"3087",2.7764322693516
"3088",-3.36769858664282
"3089",-0.550758879759025
"3090",-2.52473928213161
"3091",-1.10598224032709
"3092",-1.35889733506103
"3093",1.48900091452026
"3094",-5.1046798673375
"3095",-5.0323450303858
"3096",-1.9939191477396
"3097",0.700028925701433
"3098",0.471430160807116
"3099",-0.133164485523333
"3100",0.505872969914518
"3101",1.54016439717605
"3102",2.73736432440309
"3103",0.76835288088293
"3104",-1.04992883907019
"3105",-2.46005370869841
"3106",1.05652366507576
"3107",-1.1616381870849
"3108",-2.58927746704869
"3109",0.706523781451638
"3110",0.208494220247463
"3111",-0.903037903689957
"3112",-1.16915496422859
"3113",-1.03050512722107
"3114",2.74137450092942
"3115",2.38894792591694
"3116",-1.21167972291827
"3117",2.0217839639044
"3118",0.893990803848716
"3119",-2.44830222188039
"3120",5.11439556700309
"3121",-0.497463960739961
"3122",2.35417587488246
"3123",-0.924313128250795
"3124",-4.7143452562597
"3125",0.701227425438143
"3126",-2.41475918382226
"3127",3.5695107837181
"3128",-1.68372412093373
"3129",1.59086732876196
"3130",1.71762964367382
"3131",0.107714316079354
"3132",0.575204781476438
"3133",1.56482938536749
"3134",0.344071825734892
"3135",-1.2771652414467
"3136",-1.30655911588671
"3137",3.70188083702774
"3138",0.192393587608043
"3139",-0.755776473225074
"3140",2.40471030512749
"3141",2.06244282315801
"3142",-2.73187372189243
"3143",1.56355462621759
"3144",-0.133287933229969
"3145",0.577979802413936
"3146",-0.490269002150996
"3147",0.917538689474333
"3148",-2.03433843499793
"3149",3.45300517065616
"3150",-2.31581406633563
"3151",2.8613484747673
"3152",-0.924541428236778
"3153",4.01308998677795
"3154",0.725855872560593
"3155",-2.277730207102
"3156",1.99880522182712
"3157",-0.357065058684368
"3158",-2.1647052504179
"3159",4.34457233912863
"3160",1.18404587889394
"3161",-5.87503955713129
"3162",0.888178125600461
"3163",1.87281495088831
"3164",-3.30827781307505
"3165",3.60914299233825
"3166",1.88370985405825
"3167",3.35706357065954
"3168",-2.55753749431509
"3169",1.88213627769942
"3170",4.31372714486714
"3171",-0.943193435949082
"3172",0.522025816884102
"3173",-2.3398712795811
"3174",-1.27300325307991
"3175",1.33358582489207
"3176",1.27706647953645
"3177",-3.1241149628986
"3178",-0.941815353364767
"3179",3.26821167878489
"3180",-0.118866258122168
"3181",3.50939072765537
"3182",0.291997081070657
"3183",-1.29005332059751
"3184",0.830738638972769
"3185",4.18619911284074
"3186",-4.90558818930792
"3187",-2.08069332884925
"3188",1.55188174053396
"3189",0.2434800732736
"3190",1.39516158802429
"3191",-0.373163116075821
"3192",2.95087547483992
"3193",-2.61060824594424
"3194",4.5460830156432
"3195",-1.64637891726407
"3196",-4.33684295336562
"3197",-1.8817072092153
"3198",2.29999536515436
"3199",0.136492044917113
"3200",1.13507877192585
"3201",-0.85972851179331
"3202",0.557489770017906
"3203",1.437794245775
"3204",5.26512307719266
"3205",-17.1443555323554
"3206",-0.350306469267775
"3207",1.69266686834003
"3208",-0.305547599617489
"3209",3.58378486175668
"3210",-2.37940190517707
"3211",1.94835639224797
"3212",6.2410605123135
"3213",-3.17861113622215
"3214",-4.19502330263725
"3215",1.00391750704591
"3216",-4.87815441124069
"3217",-0.531813160725567
"3218",-0.271017818161109
"3219",-4.7541871415817
"3220",0.902343508602924
"3221",5.2012450836593
"3222",-10.7107227643471
"3223",-6.90427433654447
"3224",-8.8412552932574
"3225",-5.62587535316366
"3226",-1.28858723307239
"3227",-2.36660979648005
"3228",-3.66445018522439
"3229",3.51475279791277
"3230",-0.185349078860571
"3231",-2.20596926904496
"3232",2.92308443974901
"3233",-4.79644440722626
"3234",5.252756068857
"3235",4.69429375635036
"3236",1.80832418122003
"3237",-7.84328710830858
"3238",5.02601003969179
"3239",2.55089514333648
"3240",-3.39696516243536
"3241",4.73895929505526
"3242",0.580993053475159
"3243",-2.10073547276698
"3244",10.6484161677957
"3245",-3.30528928683971
"3246",2.59414289399617
"3247",-10.8475284269867
"3248",1.51156874689465
"3249",-1.59440310830595
"3250",4.07535950151094
"3251",1.65678583372785
"3252",-8.52405400047006
"3253",-8.61871622564277
"3254",-2.91125865992632
"3255",-1.6820457243762
"3256",2.54423152866996
"3257",-9.04234853930682
"3258",4.21127435002133
"3259",6.49199025086048
"3260",0.362234261855154
"3261",1.08763050840794
"3262",1.77978828042993
"3263",4.29531546918004
"3264",4.12766190020679
"3265",-5.03960704020285
"3266",-1.97789072837319
"3267",1.59737550195293
"3268",0.243940246638063
"3269",3.64988098490775
"3270",-2.81296190653249
"3271",-1.92353938632415
"3272",-3.1082943578776
"3273",0.537128007280587
"3274",4.29338929864839
"3275",-0.379571984618751
"3276",-0.551803358014447
"3277",5.12953365809351
"3278",4.70291565765151
"3279",1.94114963671552
"3280",3.0739910010173
"3281",2.38002863559838
"3282",-1.28559835120793
"3283",-0.570690625517539
"3284",-0.595378101491434
"3285",-1.53641049248683
"3286",-1.56654525222824
"3287",2.27455898573939
"3288",6.46261748282085
"3289",-0.587242286858689
"3290",0.0842624120234876
"3291",5.28368007047685
"3292",1.17828591657
"3293",-1.8722934280926
"3294",5.76638260716736
"3295",2.87852586872635
"3296",-3.30263611448365
"3297",-1.00360898668004
"3298",-6.46829765446558
"3299",6.60371891106881
"3300",-4.59132918755663
"3301",-1.22517743789529
"3302",1.05107181424291
"3303",-0.679996055541796
"3304",-0.953950203370171
"3305",-4.70650947984582
"3306",-0.843214861774339
"3307",0.0981767701036644
"3308",4.18817834323838
"3309",2.09138415955534
"3310",-2.2525347618001
"3311",0.221415675667115
"3312",2.75584931552271
"3313",0.0200657201541499
"3314",-1.81101228606934
"3315",-0.417831443322854
"3316",-0.239030512834318
"3317",1.32407956580731
"3318",0.731218188585153
"3319",10.241355054766
"3320",5.8193579552248
"3321",-8.46355245343195
"3322",-5.65149697692682
"3323",-6.99452077275466
"3324",5.89819766879339
"3325",-2.8819973654631
"3326",-0.59112883887908
"3327",0.834421317357013
"3328",-8.05941818361501
"3329",1.12796190331359
"3330",-3.45876379188355
"3331",-6.42683378260076
"3332",-0.916632396402866
"3333",2.09329329414521
"3334",-2.31766287663778
"3335",0.468022737587344
"3336",-4.88289891152527
"3337",-1.90391498896858
"3338",-3.74183312755624
"3339",5.07865740820006
"3340",4.75304256699611
"3341",1.02820231549255
"3342",2.53271196044063
"3343",-3.33602210853536
"3344",-2.87399606171783
"3345",4.65862287707075
"3346",3.5407944074504
"3347",2.35826513095853
"3348",-2.02880419522024
"3349",-3.02334395451879
"3350",5.37664319420587
"3351",0.287952223264809
"3352",-0.83526116572138
"3353",5.09680661244191
"3354",1.61127191826381
"3355",1.39702353222374
"3356",-2.05223515878922
"3357",2.52887262041196
"3358",-0.17201390340645
"3359",-1.15863388431062
"3360",-7.50259310668334
"3361",-1.64174358613289
"3362",-0.180087273189277
"3363",2.57147311782791
"3364",-1.47058997914265
"3365",4.69509806693121
"3366",-6.8688441947304
"3367",-8.25378393156147
"3368",-1.16483610770881
"3369",1.56066730527618
"3370",4.10275000205147
"3371",-0.664532649903416
"3372",4.13990242218994
"3373",-5.03591835219884
"3374",-2.3665466798869
"3375",-3.24784204184882
"3376",0.402914618991886
"3377",-0.90283297959539
"3378",6.44156347640964
"3379",3.08742581095391
"3380",-10.5529291046762
"3381",-5.91406101637081
"3382",1.69914060523276
"3383",4.11672052228017
"3384",1.34670538079507
"3385",3.52473717938427
"3386",1.87297316573844
"3387",-5.03551336226439
"3388",5.64845101294356
"3389",2.59194510306329
"3390",-10.6678283739534
"3391",-7.7871727884307
"3392",-1.52167148256949
"3393",2.33647233462666
"3394",-8.04429195620973
"3395",-2.89156610058932
"3396",4.51943141719538
"3397",-3.7600667607251
"3398",4.64014175439429
"3399",1.01999494593642
"3400",0.457755800742131
"3401",1.01012586022887
